Year,Movie,Total,TotalNow,TotalDif,Score,PercentIncrease,Percentile,AdjustedPercentIncrease
2019,Parasite,1390115,4252961,2862846,92,2.059431054,0.942,1.939984053
2019,Joker,1746138,4681496,2935358,74.66666667,1.681057282,1,1.681057282
2019,Endgame,1424566,3485722,2061156,81.46666667,1.446865923,0.971,1.404906811
2019,OnceUponATimeInHollywood,1145249,2884967,1739718,78.03333333,1.519074018,0.914,1.388433652
2019,Midsommar,703489,2861515,2158026,72.73333333,3.067604469,0.771,2.365123045
2019,LittleWomen,513117,1945463,1432346,85.83333333,2.791460817,0.6,1.67487649
2019,1917,873320,2040918,1167598,82.36666667,1.336964686,0.857,1.145778736
2019,SpidermanFarFromHome,732125,2152416,1420291,74.23333333,1.939956975,0.8,1.55196558
2019,MarriageStory,652584,1422853,770269,86.83333333,1.180336937,0.742,0.875810008
2019,FordVFerrari,504692,1154186,649494,81.06666667,1.286911621,0.542,0.697506099
2019,CaptainMarvel,910974,1847537,936563,61.93333333,1.028089715,0.885,0.909859398
2019,TheLighthouse,484615,1323059,838444,79.26666667,1.730123913,0.514,0.889283691
2019,JojoRabbit,759582,1988417,1228835,75.76666667,1.617777936,0.828,1.339520131
2019,ReadyOrNot,267698,874906,607208,70.3,2.268257514,0.171,0.387872035
2019,TheIrishman,616269,1128838,512569,85.86666667,0.831729326,0.657,0.546446167
2019,UncutGems,640685,1496491,855806,80.5,1.335767187,0.714,0.953737771
2019,Rocketman,325663,679179,353516,76.1,1.085527063,0.314,0.340855498
2019,JohnWick3,507817,1150805,642988,75.43333333,1.266180534,0.571,0.722989085
2019,Us,637713,1853492,1215779,74.36666667,1.906467329,0.685,1.305930121
2019,FrozenII,321101,747667,426566,69.56666667,1.328448058,0.285,0.378607697
2019,Shazam,483847,996357,512510,70.93333333,1.059239801,0.485,0.513731303
2019,Booksmart,381293,850922,469629,79.3,1.231674854,0.371,0.456951371
2019,ToyStory4,516958,1150341,633383,81.13333333,1.225211719,0.628,0.76943296
2019,AdAstra,384253,629206,244953,70.2,0.637478432,0.4,0.254991373
2019,Yesterday,255740,550840,295100,65.16666667,1.153906311,0.142,0.163854696
2019,Aladdin2019,425761,786013,360252,64.4,0.846136682,0.428,0.3621465
2019,ABeautifulDayInTheNeighborhood,145110,230555,85445,78.83333333,0.588829164,0.01,0.005888292
2019,DoctorSleep,280365,598273,317908,70.03333333,1.133907585,0.257,0.291414249
2019,Hustlers,220056,378314,158258,71.66666667,0.719171484,0.057,0.040992775
2019,It2,464922,1162952,698030,63.46666667,1.501391631,0.457,0.686135975
2019,Zombieland2,269771,577574,307803,64.53333333,1.14097883,0.2,0.228195766
2019,Terminator: Dark Fate,226693,347607,120914,61.66666667,0.533382151,0.085,0.045337483
2019,HowToTrainYourDragonHiddenWorld,241941,545091,303150,74.06666667,1.252991432,0.114,0.142841023
2019,AlitaBattleAngel,376081,633833,257752,66.13333333,0.685362994,0.342,0.234394144
2019,TheTwoPopes,212890,311768,98878,74.8,0.464455822,0.028,0.013004763
2019,Hobbs&Shaw,278275,492914,214639,64.26666667,0.771319738,0.228,0.1758609
2022,EverythingEverywhereAllAtOnce,1167167,3270173,2103006,82.3,1.801803855,0.989,1.781984013
2022,TheMenu,403727,2456978,2053251,72.76666667,5.085741107,0.802,4.078764368
2022,PussInBootsTheLastWish,111182,1389182,1278000,78.96666667,11.4946664,0.384,4.413951899
2022,TheWhale,58119,1031644,973525,70.86666667,16.75054629,0.186,3.11560161
2022,AvatarTheWayOfWater,610266,1988141,1377875,74.2,2.257826915,0.912,2.059138146
2022,GlassOnionAKnivesOutMystery,904018,2324938,1420920,78.26666667,1.571782863,0.956,1.502624417
2022,Babylon,69187,911856,842669,66.43333333,12.17958576,0.208,2.533353838
2022,TheBansheesOfInisherin,287776,1217132,929356,82.86666667,3.229442344,0.681,2.199250236
2022,TheBatman,1844862,3448366,1603504,77.8,0.86917287,1,0.86917287
2022,AllQuietOnTheWesternFront,228608,950881,722273,80.4,3.159438865,0.626,1.977808729
2022,TheFabelmans,128159,607140,478981,81.7,3.737396515,0.439,1.64071707
2022,TopGunMaverick,1090177,2209383,1119206,83.6,1.026627786,0.967,0.992749069
2022,Tar,110544,609865,499321,82.46666667,4.51694348,0.362,1.63513354
2022,Pearl,293185,1357287,1064102,76.56666667,3.629455804,0.703,2.55150743
2022,BulletTrain,685142,1827416,1142274,62.7,1.667207674,0.923,1.538832683
2022,BlackPantherWakandaForever,466636,1212691,746055,72.96666667,1.598794349,0.824,1.317406544
2022,Nope,884503,1846349,961846,74,1.087442326,0.945,1.027632998
2022,TriangleOfSadness,201110,867992,666882,71.8,3.316006166,0.604,2.002867724
2022,X,535565,1448681,913116,73.86666667,1.704958315,0.879,1.498658359
2022,DoctorStrangeInTheMultiverseOfMadness,1154993,1952370,797377,66.66666667,0.690373881,0.978,0.675185656
2022,MarcelTheShellWithShoesOn,12397,318813,306416,82.46666667,24.71694765,0.01,0.247169476
2022,Barbarian,518446,1193055,674609,73.56666667,1.301213627,0.857,1.115140078
2022,ThorLoveAndThunder,883738,1509007,625269,62.3,0.70752757,0.934,0.660830751
2022,ViolentNight,141239,341400,200161,64.73333333,1.417179391,0.472,0.668908673
2022,Elvis,524664,1085464,560800,72.33333333,1.068874556,0.868,0.927783115
2022,DontWorryDarling,490640,1093540,602900,59.16666667,1.228803196,0.846,1.039567504
2022,GuillermoDelTorosPinocchio,291809,653840,362031,80.93333333,1.240643709,0.692,0.858525446
2022,BodiesBodiesBodies,286255,953066,666811,69.5,2.329430054,0.67,1.560718136
2022,TheBlackPhone,484183,1023757,539574,70.7,1.11440096,0.835,0.930524802
2022,BonesAndAll,230065,746249,516184,72.6,2.243644188,0.637,1.429201347
2022,DecisionToLeave,135469,355756,220287,81.4,1.626106342,0.461,0.749635024
2022,EnolaHolmes2,191746,375304,183558,69.2,0.957297675,0.593,0.567677521
2022,WhiteNoise,102184,226677,124493,60.3,1.218321851,0.329,0.400827889
2022,BlackAdam,383882,670246,286364,55.43333333,0.745968813,0.769,0.573650017
2022,TheNorthman,593714,933293,339579,76.1,0.571957205,0.901,0.515333442
2022,TurningRed,568277,1026809,458532,76.3,0.806881151,0.89,0.718124225
2022,TheUnbearableWeightOfMassiveTalent,246628,538347,291719,72.26666667,1.182830011,0.648,0.766473847
2022,Scream,377310,808975,431665,66.4,1.144059262,0.758,0.86719692
2022,Till,15228,46265,31037,79.16666667,2.038153402,0.032,0.065220909
2022,TheGrayMan,400220,621628,221408,60.86666667,0.553215731,0.791,0.437593643
2022,WhereTheCrawdadsSing,173706,426526,252820,62.3,1.45544771,0.549,0.799040793
2022,Fall,116873,388551,271678,64.06666667,2.324557426,0.395,0.918200183
2022,TheWomanKing,116904,238523,121619,78.76666667,1.040332238,0.406,0.422374889
2022,JurassicWorldDominion,367841,618471,250630,52.56666667,0.681354172,0.747,0.508971567
2022,RRR,225715,437141,211426,84.66666667,0.936694504,0.615,0.57606712
2022,SheSaid,48721,138421,89700,76,1.841095216,0.12,0.220931426
2022,Prey,446621,666830,220209,73.23333333,0.493055633,0.813,0.40085423
2022,WeirdTheAlYankovicStory,82040,167193,85153,71.8,1.037944905,0.252,0.261562116
2022,Amsterdam,144505,311650,167145,55.2,1.156672779,0.483,0.558672952
2022,Causeway,35702,92317,56615,68.43333333,1.585765503,0.098,0.155405019
2022,TheGoodNurse,124090,224486,100396,67.06666667,0.809057942,0.428,0.346276799
2022,SecretsOfDumbledore,307540,500865,193325,58.8,0.628617416,0.725,0.455747626
2022,Argentina1985,51735,161430,109695,79.53333333,2.120324732,0.142,0.301086112
2022,Blonde,180938,299200,118262,50.2,0.653605102,0.571,0.373208513
2022,Devotion,13196,63641,50445,69.7,3.822749318,0.01,0.038227493
2022,DeathOnTheNile,335927,532883,196956,61.1,0.586305953,0.736,0.431521182
2022,RoaldDahlsMatildaTheMusical,81021,173001,91980,72.96666667,1.135261229,0.23,0.261110083
2022,TicketToParadise,91248,222264,131016,60.46666667,1.435823251,0.296,0.425003682
2022,TheSeaBeast,105449,198216,92767,75.16666667,0.879733331,0.34,0.299109332
2022,Men,180604,352353,171749,60.2,0.950970078,0.56,0.532543244
2022,Hustle,279891,453678,173787,73.5,0.620909568,0.659,0.409179406
2022,TheAdamProject,396772,594128,197356,62.43333333,0.497404051,0.78,0.38797516
2022,Sonic2,189818,339486,149668,63.06666667,0.788481598,0.582,0.45889629
2022,ThreeThousandYearsOfLonging,118294,231381,113087,67.1,0.955982552,0.417,0.398644724
2022,GoodLuckToYouLeoGrande,57008,115324,58316,76.6,1.022944148,0.175,0.179015226
2022,ThirteenLives,89210,131976,42766,74.13333333,0.479385719,0.285,0.13662493
2022,SeeHowTheyRun,173377,299087,125710,65.43333333,0.725067339,0.538,0.390086228
2022,Lightyear,297880,457088,159208,64.76666667,0.534470256,0.714,0.381611763
2022,CrimesOfTheFuture,146098,233272,87174,63.96666667,0.596681679,0.494,0.29476075
2022,TheOutfit,82655,164596,81941,74.46666667,0.991361684,0.263,0.260728123
2022,ChaChaRealSmooth,95033,171532,76499,72.1,0.804973009,0.307,0.247126714
2022,Ambulance,169029,271668,102639,62.73333333,0.607227162,0.516,0.313329216
2022,ArmageddonTime,34735,69864,35129,67.73333333,1.011343026,0.076,0.07686207
2022,Beast,61352,114621,53269,59.9,0.868252054,0.197,0.171045655
2022,Vengeance,54127,119585,65458,70.03333333,1.209340994,0.153,0.185029172
2022,NotOkay,134858,187080,52222,63.33333333,0.387236946,0.45,0.174256625
2022,PetiteMaman,80932,139708,58776,84,0.726239312,0.219,0.159046409
2022,TheBadGuys,110667,232001,121334,70.56666667,1.096388264,0.373,0.408952822
2022,TheGreatestBeerRun,32325,66090,33765,59.43333333,1.044547564,0.043,0.044915545
2022,HocusPocus2,156449,236229,79780,57.23333333,0.509942537,0.505,0.257520981
2022,OperationMincemeat,46550,77749,31199,65.93333333,0.670225564,0.109,0.073054586
2022,Spirited,87788,139981,52193,64.6,0.594534561,0.274,0.16290247
2022,ChipNDaleRescueRangers,169926,229549,59623,68.66666667,0.350876264,0.527,0.184911791
2022,MarryMe,81335,126862,45527,60.53333333,0.559746727,0.241,0.134898961
2022,FireIsland,54505,84897,30392,71.4,0.55760022,0.164,0.091446436
2022,Luck,34783,69514,34731,57.23333333,0.998505017,0.087,0.086869936
2022,Happening,32466,57849,25383,81.43333333,0.781833303,0.054,0.042218998
2022,HonkForJesusSaveYourSoul,14210,20786,6576,58.13333333,0.462772695,0.021,0.009718227
2022,TheBobsBurgersMovie,97790,143069,45279,74.43333333,0.463022804,0.318,0.147241252
2022,DCLeagueOfSuperPets,109169,160286,51117,65.96666667,0.46823732,0.351,0.164351299
2022,AllTheOldKnives,34510,44172,9662,61.23333333,0.279976818,0.065,0.018198493
2022,DowntonAbbeyANewEra,48814,73193,24379,72.7,0.499426394,0.131,0.065424858
2023,PoorThings,161657,2137970,1976313,83.16666667,12.2253475,0.319,3.899885851
2023,Barbie,2567084,4171953,1604869,78.2,0.625171985,1,0.625171985
2023,Saltburn,793158,2339607,1546449,68.86666667,1.94973637,0.916,1.785958515
2023,Oppenheimer,2058559,3452206,1393647,86.7,0.677001242,0.986,0.667523225
2023,AnyoneButYou,59990,1304966,1244976,61.63333333,20.75305884,0.138,2.86392212
2023,TheHoldovers,249552,1203604,954052,84.3,3.823058922,0.416,1.590392511
2023,SpiderManAcrossTheSpiderVerse,1706321,2622858,916537,86.8,0.537142191,0.972,0.522102209
2023,Wonka,389981,1234522,844541,72.76666667,2.165595247,0.625,1.353497029
2023,PastLives,445459,1263535,818076,88.56666667,1.836478778,0.652,1.197384163
2023,TheIronClaw,107029,827747,720718,78.5,6.733857179,0.208,1.400642293
2023,TheBoyAndTheHeron,290625,904311,613686,84.3,2.111607742,0.513,1.083254772
2023,TheHungerGamesTheBalladOfSongbirdsAndSnakes,649454,1247487,598033,67.26666667,0.920824262,0.847,0.77993815
2023,Priscilla,228065,809181,581116,71.83333333,2.548027974,0.388,0.988634854
2023,GodzillaMinusOne,223929,801874,577945,83.4,2.58092967,0.375,0.967848626
2023,Bottoms,546299,1100699,554400,76.03333333,1.014828876,0.763,0.774314432
2023,AmericanFiction,20338,568294,547956,80.76666667,26.94247222,0.027,0.72744675
2023,KillersOfTheFlowerMoon,655237,1199762,544525,83.73333333,0.831035183,0.875,0.727155785
2023,GuardiansOfTheGalaxyVol3,1315998,1796693,480695,75.36666667,0.365270312,0.958,0.349928959
2023,TalkToMe,667834,1106669,438835,75.26666667,0.657101915,0.888,0.5835065
2023,TheSuperMarioBrosMovie,1011008,1405935,394927,63.5,0.390626978,0.944,0.368751867
2023,LeaveTheWorldBehind,487581,846337,358756,62.33333333,0.73578749,0.694,0.510636518
2023,MayDecember,275493,605881,330388,77.1,1.199260961,0.444,0.532471867
2023,Elemental,486564,805997,319433,67.9,0.656507674,0.68,0.446425218
2023,AsteroidCity,653404,938731,285327,70.7,0.436677768,0.861,0.375979558
2023,Napoleon,308943,593116,284173,63.73333333,0.919823398,0.541,0.497624458
2023,TheMarvels,213989,490094,276105,57.96666667,1.290276603,0.361,0.465789854
2023,TheKiller,593636,840167,246531,72.1,0.415289841,0.819,0.34012238
2023,JohnWick4,820011,1065997,245986,80.23333333,0.299978903,0.93,0.27898038
2023,TheCreator,318875,548909,230034,68.56666667,0.721392395,0.569,0.410472273
2023,MissionImpossibleDeadReckoningPt1,591127,819962,228835,80.43333333,0.387116474,0.805,0.311628762
2023,Maestro,147391,367547,220156,70.63333333,1.49368686,0.263,0.392839644
2023,Ferrari,56760,259953,203193,68.63333333,3.579862579,0.125,0.447482822
2023,DandDHonorAmongThieves,613646,816431,202785,74.73333333,0.330459255,0.833,0.275272559
2023,AntManAndTheWaspQuantumania,720710,912439,191729,57.26666667,0.266027945,0.902,0.239957206
2023,ScreamVI,560623,750361,189738,68.76666667,0.338441341,0.777,0.262968922
2023,GranTurismo,193804,363915,170111,65.33333333,0.877747621,0.347,0.304578425
2023,M3gan,588420,756410,167990,69.06666667,0.285493355,0.791,0.225825244
2023,IndianaJonesAndTheDialOfDestiny,500129,659523,159394,65.4,0.318705774,0.722,0.230105569
2023,RedWhiteAndRoyalBlue,317035,474650,157615,69.23333333,0.497153311,0.555,0.275920088
2023,TheFlash,540751,689785,149034,62.63333333,0.275605593,0.75,0.206704195
2023,Wish,50314,197494,147180,56.4,2.925229558,0.111,0.324700481
2023,TheLittleMermaid,504679,648184,143505,68.16666667,0.284349061,0.736,0.209280909
2023,RebelMoon,157304,295716,138412,44.06666667,0.879901338,0.305,0.268369908
2023,BeauIsAfraid,338811,476457,137646,66.8,0.406261898,0.597,0.242538353
2023,TeenageMutantNinjaTurtlesMutantMayhem,346203,480326,134123,76.4,0.387411432,0.611,0.236708385
2023,AHauntingInVenice,297620,430893,133273,65.7,0.447795847,0.527,0.235988411
2023,Air,489844,612153,122309,77.03333333,0.249689697,0.708,0.176780306
2023,TheEqualizer3,150308,272084,121776,66.83333333,0.810176438,0.277,0.224418873
2023,KnockAtTheCabin,399131,514723,115592,62.6,0.289609176,0.638,0.184770654
2023,Nyad,38491,151422,112931,70.8,2.933958588,0.097,0.284593983
2023,AreYouThereGodItsMeMargaret,143551,246434,102883,82.13333333,0.716699988,0.25,0.179174997
2023,BlueBeetle,278080,379998,101918,65.7,0.366506041,0.486,0.178121936
2023,Blackberry,125417,225934,100517,78.56666667,0.801462322,0.236,0.189145108
2023,TransformersRiseOfTheBeasts,242632,335070,92438,56.2,0.38098025,0.402,0.15315406
2023,FastX,275630,367848,92218,60.4,0.334571708,0.458,0.153233842
2023,Renfield,275941,368037,92096,61.23333333,0.333752505,0.472,0.157531182
2023,TheBoysInTheBoat,17255,104511,87256,67.13333333,5.056853086,0.013,0.06573909
2023,TheColorPurple,23182,107802,84620,74.83333333,3.65024588,0.055,0.200763523
2023,Eileen,37028,117970,80942,65.93333333,2.185967376,0.083,0.181435292
2023,CreedIII,323918,403170,79252,74,0.24466686,0.583,0.142640779
2023,CocaineBear,452253,530940,78687,59.16666667,0.173988896,0.666,0.115876604
2023,ShazamFuryOfTheGods,287004,362674,75670,56.8,0.263654862,0.5,0.131827431
2023,TheLastVoyageOfTheDemeter,103672,169686,66014,58.73333333,0.636758238,0.194,0.123531098
2023,Sisu,150851,214552,63701,73.5,0.422277612,0.291,0.122882785
2023,Extraction2,253678,316232,62554,67.4,0.246588194,0.43,0.106032924
2023,Leo,80525,136664,56139,68.2,0.697162372,0.166,0.115728954
2023,Tetris,182186,234422,52236,68.9,0.28671797,0.333,0.095477084
2023,RyeLane,99493,146558,47065,79.46666667,0.473048355,0.18,0.085148704
2023,Ghosted,124721,159956,35235,45.43333333,0.282510564,0.222,0.062717345
2023,BostonStrangler,72764,92509,19745,63.26666667,0.271356715,0.152,0.041246221
2023,FloraAndSon,29247,40834,11587,73.1,0.396177386,0.069,0.02733624
2023,Cassandro,16216,22135,5919,71.56666667,0.365009867,0.01,0.003650099
2023,Chevalier,21110,25249,4139,70.1,0.196068214,0.041,0.008038797
